iteration,collectionName,requestName,method,url,status,code,responseTime,responseSize,executed,failed,skipped,totalAssertions,executedCount,failedCount,skippedCount
"1","Sendinblue","Get all Companies","GET","https://api.sendinblue.com/v3/companies","Unauthorized","401","229","50",,,,"0","0","0","0"
"1","Sendinblue","Create a company","POST","https://api.sendinblue.com/v3/companies","Unauthorized","401","82","50",,"Status code is 400, Validation error message is returned",,"2","0","2","0"
"1","Sendinblue","Get company attributes","GET","https://api.sendinblue.com/v3/companies/attributes","Unauthorized","401","78","50","Response time is below 2000ms, Response is JSON, Response contains company attributes, Attributes response is not empty",,,"4","4","0","0"
"1","Sendinblue","Link and Unlink company with contact and deal","PATCH","https://api.sendinblue.com/v3/companies/link-unlink/61a5ce58c5d4795761045994","Unauthorized","401","79","50","Response time is below 2000ms","Response status is 400 Bad Request, Response contains error message for invalid data",,"3","1","2","0"
"1","Sendinblue","Get a company","GET","https://api.sendinblue.com/v3/companies/","Unauthorized","401","75","50","Response is JSON","Company has an ID, Returned company ID matches requested company ID, Company contains attributes",,"4","1","3","0"
"1","Sendinblue","Delete a company","DELETE","https://api.sendinblue.com/v3/companies/","Unauthorized","401","79","50","Response time is below 2000ms, Server returned no error",,,"2","2","0","0"
"1","Sendinblue","Update a company","PATCH","https://api.sendinblue.com/v3/companies/6a90c3dd3ad1807ebb311cd9","Unauthorized","401","75","50",,,,"0","0","0","0"
"1","Sendinblue","Get pipeline stages","GET","https://api.sendinblue.com/v3/crm/pipeline/details","Unauthorized","401","84","50","Response time is below 2000ms, Response is JSON, Pipeline stages are returned, Response is not empty",,,"4","4","0","0"
"1","Sendinblue","Get all Companies","GET","https://api.sendinblue.com/v3/companies?filters=veniam elit in&linkedContactsIds=13396752&linkedDealsIds=veniam elit in&page=13396752&limit=13396752&sort=desc&sortBy=veniam elit in","Unauthorized","401","82","50",,,,"0","0","0","0"
"1","Sendinblue","Get all deals","GET","https://api.sendinblue.com/v3/crm/deals","Unauthorized","401","80","50","Response time is below 2000ms, Response is JSON","Response contains deals, Deals is an array, Each deal has an ID",,"5","2","3","0"
"1","Sendinblue","Create a deal","POST","https://api.sendinblue.com/v3/crm/deals","Unauthorized","401","79","50","Response is JSON, Response time is below 2000ms","Response contains deal ID, Deal ID is not empty",,"4","2","2","0"
"1","Sendinblue","Link and Unlink a deal with contacts and companies","PATCH","https://api.sendinblue.com/v3/crm/deals/link-unlink/6a91692ec3d3b6075a32ce54","Unauthorized","401","80","50",,,,"0","0","0","0"
"1","Sendinblue","Get deal attributes","GET","https://api.sendinblue.com/v3/crm/attributes/deals","Unauthorized","401","78","50","Response is JSON, Deal attributes are returned, Response is not empty, Response time is below 2000ms",,,"4","4","0","0"
"1","Sendinblue","Get a deal","GET","https://api.sendinblue.com/v3/crm/deals/","Unauthorized","401","76","50","Response is JSON, Response time is below 2000ms","Status code is 200, Deal ID exists, Returned deal ID matches requested deal, Deal contains attributes",,"6","2","4","0"
"1","Sendinblue","Delete a deal","DELETE","https://api.sendinblue.com/v3/crm/deals/","Unauthorized","401","79","50","No server error occurred, Response time is below 2000ms","Deal deleted successfully",,"3","2","1","0"
"1","Sendinblue","Update a deal","PATCH","https://api.sendinblue.com/v3/crm/deals/veniam elit in","Unauthorized","401","85","50",,,,"0","0","0","0"
"1","Sendinblue","Get all tasks","GET","https://api.sendinblue.com/v3/crm/tasks","Unauthorized","401","76","50","Response time is below 2000ms, Response is JSON","Response contains tasks, Tasks is an array, Each task has an ID",,"5","2","3","0"
"1","Sendinblue","Create a task","POST","https://api.sendinblue.com/v3/crm/tasks","Unauthorized","401","78","50","Response time is below 2000ms, Response is JSON","Task created successfully, Response contains task ID, Task ID is not empty",,"5","2","3","0"
"1","Sendinblue","Get all task types","GET","https://api.sendinblue.com/v3/crm/tasktypes","Unauthorized","401","78","50","Response time is below 2000ms, Response is JSON, Task types are returned, Task types response is not empty",,,"4","4","0","0"
"1","Sendinblue","Get a task","GET","https://api.sendinblue.com/v3/crm/tasks/","Unauthorized","401","79","50","Response is JSON, Response time is below 2000ms","Task contains an ID, Returned task matches requested task, Task name is present and a string",,"5","2","3","0"
"1","Sendinblue","Delete a task","DELETE","https://api.sendinblue.com/v3/crm/tasks/","Unauthorized","401","75","50","No server error occurred, Response time is below 2000ms","Task deleted or already does not exist",,"3","2","1","0"
"1","Sendinblue","Update a task","PATCH","https://api.sendinblue.com/v3/crm/tasks/veniam elit in","Unauthorized","401","84","50",,,,"0","0","0","0"
"1","Sendinblue","Get all notes","GET","https://api.sendinblue.com/v3/crm/notes","Unauthorized","401","79","50",,,,"0","0","0","0"
"1","Sendinblue","Create a note","POST","https://api.sendinblue.com/v3/crm/notes","Unauthorized","401","78","50","Created title matches request, Created content matches request, Response time is less than 2000ms, Content-Type is JSON","Created note contains an ID, Created note contains text",,"6","4","2","0"
"1","Sendinblue","Get a note","GET","https://api.sendinblue.com/v3/crm/notes/null","Unauthorized","401","81","50","Response is an object, Response body is not null, Note ID is valid, Response time is less than 2000ms, Content-Type is JSON","Note contains required fields",,"6","5","1","0"
"1","Sendinblue","Update a note","PATCH","https://api.sendinblue.com/v3/crm/notes/null","Unauthorized","401","79","50","Error response contains message, Response time is less than 2000ms, Content-Type is JSON","Status code is 400, Error message mentions incorrect contact IDs",,"5","3","2","0"
"1","Sendinblue","Delete a note","DELETE","https://api.sendinblue.com/v3/crm/notes/","Unauthorized","401","75","50","Response time is less than 2000ms, Response does not contain server error","Deleted note ID exists in collection variables",,"3","2","1","0"
"1","Sendinblue","Get all files","GET","https://api.sendinblue.com/v3/crm/files","Unauthorized","401","79","50","Response is not null, Response time is less than 2000ms, Content-Type is JSON","Response is an array, Each file contains an ID, Each file contains a name, File names are strings, File IDs are not null",,"8","3","5","0"
"1","Sendinblue","Upload a file","POST","https://api.sendinblue.com/v3/crm/files","Unauthorized","401","104","50","Uploaded file contains an ID, Uploaded file contains a name, Uploaded file name is not empty, Uploaded file name is a string, Uploaded file size is valid, Uploaded file has a valid content type, Response time is less than 3000ms",,,"7","7","0","0"
"1","Sendinblue","Download a file","GET","https://api.sendinblue.com/v3/crm/files/","Unauthorized","401","73","50","Downloaded file is not empty, Content-Type header exists, Content-Disposition header exists, Content-Disposition indicates attachment, Downloaded file has valid content length, Response time is less than 5000ms",,,"6","6","0","0"
"1","Sendinblue","Delete a file","DELETE","https://api.sendinblue.com/v3/crm/files/","Unauthorized","401","76","50","File ID exists before deletion, Response does not contain server error, Response time is less than 2000ms",,,"3","3","0","0"
"1","Sendinblue","Get file details","GET","https://api.sendinblue.com/v3/crm/files//data","Unauthorized","401","78","50","File details response is an object, File size is valid, File type is valid, Response time is less than 2000ms, Content-Type is JSON","File contains an ID, File contains a name, Returned file ID matches requested file, File name is valid",,"9","5","4","0"
"1","Sendinblue","Get an email campaign report","GET","https://api.sendinblue.com/v3/emailCampaigns/26","Unauthorized","401","177","50",,,,"0","0","0","0"
"1","Sendinblue","Update an email campaign","PUT","https://api.sendinblue.com/v3/emailCampaigns/13396752","Unauthorized","401","88","50",,,,"0","0","0","0"
"1","Sendinblue","Delete an email campaign","DELETE","https://api.sendinblue.com/v3/emailCampaigns/13396752","Unauthorized","401","78","50",,,,"0","0","0","0"
"1","Sendinblue","Send an email campaign immediately, based on campaignId","POST","https://api.sendinblue.com/v3/emailCampaigns/13396752/sendNow","Unauthorized","401","106","50",,,,"0","0","0","0"
"1","Sendinblue","Send an email campaign to your test list","POST","https://api.sendinblue.com/v3/emailCampaigns/13396752/sendTest","Unauthorized","401","84","50",,,,"0","0","0","0"
"1","Sendinblue","Update an email campaign status","PUT","https://api.sendinblue.com/v3/emailCampaigns/13396752/status","Unauthorized","401","80","50",,,,"0","0","0","0"
"1","Sendinblue","Send the report of a campaign","POST","https://api.sendinblue.com/v3/emailCampaigns/13396752/sendReport","Unauthorized","401","102","50",,,,"0","0","0","0"
"1","Sendinblue","Get an A/B test email campaign results","GET","https://api.sendinblue.com/v3/emailCampaigns/13396752/abTestCampaignResult","Unauthorized","401","83","50",,,,"0","0","0","0"
"1","Sendinblue","Get a shared template url","GET","https://api.sendinblue.com/v3/emailCampaigns/13396752/sharedUrl","Unauthorized","401","81","50",,,,"0","0","0","0"
"1","Sendinblue","Export the recipients of an email campaign","POST","https://api.sendinblue.com/v3/emailCampaigns/13396752/exportRecipients","Unauthorized","401","79","50",,,,"0","0","0","0"
"1","Sendinblue","Return all your created email campaigns","GET","https://api.sendinblue.com/v3/emailCampaigns?type=classic&status=archive&startDate=veniam elit in&endDate=veniam elit in&limit=50&offset=0&sort=desc","Unauthorized","401","81","50",,,,"0","0","0","0"
"1","Sendinblue","Create an email campaign","POST","https://api.sendinblue.com/v3/emailCampaigns","Unauthorized","401","132","50",,,,"0","0","0","0"
"1","Sendinblue","Upload an image to your account's image gallery","POST","https://api.sendinblue.com/v3/emailCampaigns/images","Unauthorized","401","76","50",,,,"0","0","0","0"
"1","Sendinblue","Returns the information for all your created SMS campaigns","GET","https://api.sendinblue.com/v3/smsCampaigns/","Unauthorized","401","79","50","Response is valid JSON, Campaign list is returned, Response time is acceptable, Content-Type is JSON",,,"4","4","0","0"
"1","Sendinblue","Creates an SMS campaign","POST","https://api.sendinblue.com/v3/smsCampaigns","Unauthorized","401","79","50","Campaign creation returns data, Response Content-Type is JSON, Response time is acceptable","Created campaign has an ID",,"4","3","1","0"
"1","Sendinblue","Get an SMS campaign","GET","https://api.sendinblue.com/v3/smsCampaigns/","Unauthorized","401","104","50","Campaign data is returned, Response time is acceptable","Campaign contains an ID, Returned campaign ID matches requested campaign, Campaign contains a name, Campaign contains a status",,"6","2","4","0"
"1","Sendinblue","Update an SMS campaign","PUT","https://api.sendinblue.com/v3/smsCampaigns/","Unauthorized","401","82","50","Response time is acceptable, Campaign ID was provided in request","Response body is empty, Campaign ID is valid",,"4","2","2","0"
"1","Sendinblue","Delete an SMS campaign","DELETE","https://api.sendinblue.com/v3/smsCampaigns/","Unauthorized","401","80","50","Campaign ID exists before cleanup, Response time is acceptable, Response does not contain server error",,,"3","3","0","0"
"1","Sendinblue","Send your SMS campaign immediately","POST","https://api.sendinblue.com/v3/smsCampaigns/1/sendNow","Unauthorized","401","91","50","Send operation returns confirmation, Send response contains status or message, Campaign was not returned as draft, Response time is acceptable",,,"4","4","0","0"
"1","Sendinblue","Update a campaign's status","PUT","https://api.sendinblue.com/v3/smsCampaigns//status","Unauthorized","401","83","50","Request contains a status, Valid campaign status was supplied, Error response contains error details, Response time is acceptable","Campaign ID exists",,"5","4","1","0"
"1","Sendinblue","Send a test SMS campaign","POST","https://api.sendinblue.com/v3/smsCampaigns/5/sendTest","Unauthorized","401","97","50","Test SMS operation returns confirmation, Response contains message or status, No server-side error occurred, Response time is acceptable",,,"4","4","0","0"
"1","Sendinblue","Export an SMS campaign's recipients","POST","https://api.sendinblue.com/v3/smsCampaigns/3/exportRecipients","Unauthorized","401","81","50","Export response contains data, Export has a Content-Type header, Export response is not HTML error page, Export response time is acceptable",,,"4","4","0","0"
"1","Sendinblue","Send an SMS campaign's report","POST","https://api.sendinblue.com/v3/smsCampaigns/3/sendReport","Unauthorized","401","84","50","Report operation returns confirmation, Response does not contain server error, Response time is acceptable",,,"3","3","0","0"
"1","Sendinblue","Send a message as an agent","POST","https://api.sendinblue.com/v3/conversations/messages","Unauthorized","401","85","50","Message response is returned, Message content is returned, Message contains sender information, Response time is acceptable",,,"4","4","0","0"
"1","Sendinblue","Get a message","GET","https://api.sendinblue.com/v3/conversations/messages/","Unauthorized","401","80","50","Message data is returned, Message contains content, Message contains sender information, Response time is acceptable",,,"4","4","0","0"
"1","Sendinblue","Update a message sent by an agent","PUT","https://api.sendinblue.com/v3/conversations/messages/","Unauthorized","401","81","50","Update request contains a body, Response body is empty on successful update, Response time is acceptable","Message ID exists",,"4","3","1","0"
"1","Sendinblue","Delete a message sent by an agent","DELETE","https://api.sendinblue.com/v3/conversations/messages/","Unauthorized","401","77","50","Successful delete returns empty body, No server error occurred, Response time is acceptable","Message ID exists before delete",,"4","3","1","0"
"1","Sendinblue","Sets agent’s status to online for 2-3 minutes","POST","https://api.sendinblue.com/v3/conversations/agentOnlinePing","Unauthorized","401","86","50","Agent ID is provided, Agent ID has valid format, No server-side error occurred, Response is valid, Response contains status confirmation, Error response contains details, Response time is acceptable, Response time is acceptable",,,"8","8","0","0"
"1","Sendinblue","Send an automated message to a visitor","POST","https://api.sendinblue.com/v3/conversations/pushedMessages","Unauthorized","401","78","50","Automated message response is returned, Message contains content, Response is JSON, Response time is acceptable",,,"4","4","0","0"
"1","Sendinblue","Get an automated message","GET","https://api.sendinblue.com/v3/conversations/pushedMessages/","Unauthorized","401","85","50","Automated message is returned, Message contains content, Response is valid JSON, Response time is acceptable",,,"4","4","0","0"
"1","Sendinblue","Update an automated message","PUT","https://api.sendinblue.com/v3/conversations/pushedMessages/","Unauthorized","401","76","50","Update request contains data, Request body is valid JSON, Updated message is returned, Updated message contains content, No server-side error occurred, Response time is acceptable","Message ID exists",,"7","6","1","0"
"1","Sendinblue","Delete an automated message","DELETE","https://api.sendinblue.com/v3/conversations/pushedMessages/","Unauthorized","401","78","50","No server-side error occurred, Response time is acceptable","Message ID exists before deletion",,"3","2","1","0"
"1","Sendinblue","Get all the contacts","GET","https://api.sendinblue.com/v3/contacts","Unauthorized","401","77","72","Contacts response is returned, Response time is acceptable","Response contains contacts, Contacts collection is an array, Response contains pagination information",,"5","2","3","0"
"1","Sendinblue","Create a contact","POST","https://api.sendinblue.com/v3/contacts","Unauthorized","401","83","50","Contact creation response is returned, Response is valid JSON, Response time is acceptable",,,"3","3","0","0"
"1","Sendinblue","Create Contact via DOI (Double-Opt-In) Flow","POST","https://api.sendinblue.com/v3/contacts/doubleOptinConfirmation","Unauthorized","401","94","72","Request contains contact details, Request contains email or contact identifier, No server-side error occurred, Response time is acceptable, DOI response contains confirmation",,,"5","5","0","0"
"1","Sendinblue","Update multiple contacts","POST","https://api.sendinblue.com/v3/contacts/batch","Unauthorized","401","87","50","Bulk update request contains data, Bulk update body is valid JSON, No server-side error occurred, Bulk update response contains confirmation, Response time is acceptable",,,"5","5","0","0"
"1","Sendinblue","Export contacts","POST","https://api.sendinblue.com/v3/contacts/export","Unauthorized","401","79","50","Export request returns data, Export response contains process information, Response time is acceptable",,,"3","3","0","0"
"1","Sendinblue","Import contacts","POST","https://api.sendinblue.com/v3/contacts/import","Unauthorized","401","78","50","Import request was processed, Import response contains data, Import response contains process information, Response time is acceptable",,,"4","4","0","0"
"1","Sendinblue","Get a contact's details","GET","https://api.sendinblue.com/v3/contacts/","Unauthorized","401","80","50","Contact details are returned, Returned contact matches requested contact, Response time is acceptable","Contact contains an ID, Contact contains contact information",,"5","3","2","0"
"1","Sendinblue","Delete a contact","DELETE","https://api.sendinblue.com/v3/contacts/","Unauthorized","401","89","50","No server-side error occurred, Response time is acceptable","Contact ID exists before deletion",,"3","2","1","0"
"1","Sendinblue","Update a contact","PUT","https://api.sendinblue.com/v3/contacts/4","Unauthorized","401","78","50","Update request contains data, Request body is valid JSON, Update response contains data, No server-side error occurred, Response time is acceptable","Contact ID exists",,"6","5","1","0"
"1","Sendinblue","Get email campaigns' statistics for a contact","GET","https://api.sendinblue.com/v3/contacts/3/campaignStats?","Unauthorized","401","81","50","Campaign statistics are returned, Statistics response is valid JSON, Response time is acceptable",,,"3","3","0","0"
"1","Sendinblue","Get all folders","GET","https://api.sendinblue.com/v3/contacts/folders","Unauthorized","401","83","50","Folders response is returned, Response time is acceptable, Response is JSON","Response contains folders, Folders collection is an array",,"5","3","2","0"
"1","Sendinblue","Create a folder","POST","https://api.sendinblue.com/v3/contacts/folders","Unauthorized","401","84","50","Folders response is returned, Response time is acceptable, Response is JSON","Response contains folders, Folders ID is a number",,"5","3","2","0"
"1","Sendinblue","Returns a folder's details","GET","https://api.sendinblue.com/v3/contacts/folders/","Unauthorized","401","86","50","Folder details are returned, Response time is acceptable","Folder contains an ID, Returned folder ID matches requested folder, Folder contains a name",,"5","2","3","0"
"1","Sendinblue","Update a folder","PUT","https://api.sendinblue.com/v3/contacts/folders/","Unauthorized","401","78","50","Update request contains data, Request body is valid JSON, Updated folder data is returned, No server-side error occurred, Response time is acceptable","Folder ID exists",,"6","5","1","0"
"1","Sendinblue","Delete a folder (and all its lists)","DELETE","https://api.sendinblue.com/v3/contacts/folders/","Unauthorized","401","81","50","No server-side error occurred, Response time is acceptable","Folder ID exists before deletion",,"3","2","1","0"
"1","Sendinblue","Get lists in a folder","GET","https://api.sendinblue.com/v3/contacts/folders/5/lists?","Unauthorized","401","76","50","Folder lists response is returned, Folder ID used in request exists, Response time is acceptable",,,"3","3","0","0"
"1","Sendinblue","Get all the lists","GET","https://api.sendinblue.com/v3/contacts/lists","Unauthorized","401","80","50","Folder lists response is returned, Folder ID used in request exists, Response time is acceptable","Response contains lists, Lists collection is an array",,"5","3","2","0"
"1","Sendinblue","Create a list","POST","https://api.sendinblue.com/v3/contacts/lists","Unauthorized","401","79","50","List creation response is returned, Response time is acceptable","List ID is returned",,"3","2","1","0"
"1","Sendinblue","Get contacts in a list","GET","https://api.sendinblue.com/v3/contacts/lists//contacts","Unauthorized","401","82","50","Contacts response is returned, List ID exists, Response time is acceptable","Response contains contacts, Contacts collection is an array",,"5","3","2","0"
"1","Sendinblue","Add existing contacts to a list","POST","https://api.sendinblue.com/v3/contacts/lists//contacts/add","Unauthorized","401","80","50","Request contains contact data, Request body is valid JSON, No server-side error occurred, Add contacts response contains confirmation, Response time is acceptable",,,"5","5","0","0"
"1","Sendinblue","Delete a contact from a list","POST","https://api.sendinblue.com/v3/contacts/lists/14/contacts/remove","Unauthorized","401","81","50","Request contains contact data, No server-side error occurred, Removal response contains confirmation, Response time is acceptable",,,"4","4","0","0"
"1","Sendinblue","Get a list's details","GET","https://api.sendinblue.com/v3/contacts/lists/","Unauthorized","401","79","50","List details are returned, Response time is acceptable","List contains an ID, Returned list ID matches requested list, List contains a name",,"5","2","3","0"
"1","Sendinblue","Update a list","PUT","https://api.sendinblue.com/v3/contacts/lists/","Unauthorized","401","78","50","Update request contains data, Request body is valid JSON, Updated list data is returned, No server-side error occurred, Response time is acceptable","List ID exists",,"6","5","1","0"
"1","Sendinblue","Delete a list","DELETE","https://api.sendinblue.com/v3/contacts/lists/","Unauthorized","401","80","50","No server-side error occurred, Response time is acceptable",,,"2","2","0","0"
"1","Sendinblue","List all attributes","GET","https://api.sendinblue.com/v3/contacts/attributes","Unauthorized","401","76","50","Attributes response is returned, Response is valid JSON, Response time is acceptable","Response contains attributes, Attributes collection is an array",,"5","3","2","0"
"1","Sendinblue","Update contact attribute","PUT","https://api.sendinblue.com/v3/contacts/attributes//","Unauthorized","401","78","50","Update request contains data, Update request body is valid JSON, No server-side error occurred, Update response contains data, Response time is acceptable","Attribute name exists",,"6","5","1","0"
"1","Sendinblue","Create contact attribute","POST","https://api.sendinblue.com/v3/contacts/attributes//","Unauthorized","401","79","50","Attribute request contains data, Attribute type is provided, No server-side error occurred, Attribute creation response is returned, Created attribute contains identifying data, Response time is acceptable",,,"6","6","0","0"
"1","Sendinblue","Delete an attribute","DELETE","https://api.sendinblue.com/v3/contacts/attributes//","Unauthorized","401","80","50","No server-side error occurred, Delete response is valid, Response time is acceptable","Attribute name exists before deletion",,"4","3","1","0"
"1","Sendinblue","Send a transactional email","POST","https://api.sendinblue.com/v3/smtp/email","Unauthorized","401","76","72","Response body is not empty, Response Content-Type is JSON, Response body is an object, Response does not contain an error, Response time is less than 3000ms","Response contains a message or email identifier",,"6","5","1","0"
"1","Sendinblue","Get the list of transactional emails on the basis of allowed filters","GET","https://api.sendinblue.com/v3/smtp/emails?email=ade16@gmail.com","Unauthorized","401","80","50","Response Content-Type is JSON, Transactional email records contain expected data, Response does not contain an error, Response time is less than 3000ms",,,"4","4","0","0"
"1","Sendinblue","Delete scheduled emails by batchId or messageId","DELETE","https://api.sendinblue.com/v3/smtp/email/","Unauthorized","401","77","50","Request does not return a server error, Response does not contain an unexpected error, Deletion response contains acknowledgement when applicable, Response time is less than 3000ms",,,"4","4","0","0"
"1","Sendinblue","Get the personalized content of a sent transactional email","GET","https://api.sendinblue.com/v3/smtp/emails/","Unauthorized","401","79","50","Response body is not empty, Response Content-Type is JSON, Personalized content is returned as an object, Personalized email content is not empty, Response does not contain an error, Response time is less than 3000ms","Response contains personalized email content",,"7","6","1","0"
"1","Sendinblue","Fetch scheduled emails by batchId or messageId","GET","https://api.sendinblue.com/v3/smtp/emailStatus/4320f270-a4e3-4a2e-b591-edfe30a5e627?startDate=2022-02-02&endDate=2022-03-02&sort=desc&status=queued&limit=100&offset=0","Unauthorized","401","79","50","Response Content-Type is JSON, Response body is not empty, Response contains scheduled email data, Scheduled email contains an identifier, Response does not contain an error, Response time is less than 3000ms",,,"6","6","0","0"
"1","Sendinblue","Get the list of email templates","GET","https://api.sendinblue.com/v3/smtp/templates","Unauthorized","401","72","50","Response Content-Type is JSON, Response body is not empty, Each returned template contains an identifier, Response time is less than 3000ms","Status code is successful, Response contains email templates",,"6","4","2","0"
"1","Sendinblue","Create an email template","POST","https://api.sendinblue.com/v3/smtp/templates","Unauthorized","401","77","50","Response Content-Type is JSON, Response body is not empty, Response time is less than 3000ms","Status code is 201 Created, Created template contains an ID, Template ID is a number, Response does not contain an error code",,"7","3","4","0"
"1","Sendinblue","Returns the template information","GET","https://api.sendinblue.com/v3/smtp/templates/","Unauthorized","401","78","50","Response Content-Type is JSON, Template information is not empty, Response time is less than 3000ms","Template information request is successful, Template contains an identifier, Template contains a name, Template contains email content",,"7","3","4","0"
"1","Sendinblue","Update an email template","PUT","https://api.sendinblue.com/v3/smtp/templates/","Unauthorized","401","75","50","Response time is less than 3000ms","Status code is 204 No Content",,"2","1","1","0"
"1","Sendinblue","Delete an inactive email template","DELETE","https://api.sendinblue.com/v3/smtp/templates/{{deltemplatesId}}","Unauthorized","401","79","50","No server-side error occurs, Response does not contain an unexpected error, Deletion acknowledgement is returned when applicable, Response time is less than 3000ms",,,"4","4","0","0"
"1","Sendinblue","Send a template to your test list","POST","https://api.sendinblue.com/v3/smtp/templates//sendTest","Unauthorized","401","80","50","Response Content-Type is JSON, Response body is not empty, Response contains send acknowledgement, Response does not contain an error, Response time is less than 3000ms",,,"5","5","0","0"
"1","Sendinblue","Get your transactional email activity aggregated over a period of time","GET","https://api.sendinblue.com/v3/smtp/statistics/aggregatedReport","Unauthorized","401","79","50","Response Content-Type is JSON, Response body is not empty, Response body is an object, Statistics values are numbers, Statistics values are not negative, Response time is less than 3000ms","Status code is 200, Response contains transactional email statistics",,"8","6","2","0"
"1","Sendinblue","Get your transactional email activity aggregated per day","GET","https://api.sendinblue.com/v3/smtp/statistics/reports","Unauthorized","401","82","50","Response Content-Type is JSON, Response body is not empty, Daily statistics records are valid objects, Daily statistics contain a date, Daily statistics values are numeric, Response time is less than 3000ms","Status code is 200, Response contains daily statistics",,"8","6","2","0"
"1","Sendinblue","Get all your transactional email activity (unaggregated events)","GET","https://api.sendinblue.com/v3/smtp/statistics/events","Unauthorized","401","79","72","Response Content-Type is JSON, Response body is not empty, Transactional email events have a valid structure, Event contains a date or timestamp, Event contains an event type, Event contains an email or message identifier, Response time is less than 3000ms","Response contains transactional email events",,"8","7","1","0"
"1","Sendinblue","Get the list of blocked or unsubscribed transactional contacts","GET","https://api.sendinblue.com/v3/smtp/blockedContacts","Unauthorized","401","77","50","Response Content-Type is JSON, Response body is not empty, Blocked contact records have a valid structure, Blocked contact contains an email address, Blocked contact email has a valid format, Blocked contact contains blocking information, Response time is less than 3000ms","Response contains blocked contacts",,"8","7","1","0"
"1","Sendinblue","Unblock or resubscribe a transactional contact","DELETE","https://api.sendinblue.com/v3/smtp/blockedContacts/","Unauthorized","401","84","50",,"Status code is 404, Response has error code and message",,"2","0","2","0"
"1","Sendinblue","Get the list of blocked domains","GET","https://api.sendinblue.com/v3/smtp/blockedDomains","Unauthorized","401","80","50",,,,"0","0","0","0"
"1","Sendinblue","Add a new domain to the list of blocked domains","POST","https://api.sendinblue.com/v3/smtp/blockedDomains","Unauthorized","401","77","50",,,,"0","0","0","0"
"1","Sendinblue","Unblock an existing domain from the list of blocked domains","DELETE","https://api.sendinblue.com/v3/smtp/blockedDomains/veniam elit in","Unauthorized","401","81","50",,,,"0","0","0","0"
"1","Sendinblue","Delete hardbounces","POST","https://api.sendinblue.com/v3/smtp/deleteHardbounces","Unauthorized","401","78","50","No server-side error occurs, Response does not contain an error, Hardbounce deletion acknowledgement is returned when applicable, Response time is less than 3000ms",,,"4","4","0","0"
"1","Sendinblue","Delete an SMTP transactional log","DELETE","https://api.sendinblue.com/v3/smtp/log/calex76@example.com","Unauthorized","401","80","50","No server-side error occurs, Response does not contain an unexpected error, Log deletion acknowledgement is returned when applicable, Response format is valid when content is returned, Response time is less than 3000ms",,,"5","5","0","0"
"1","Sendinblue","Get the list of all the events for the received emails.","GET","https://api.sendinblue.com/v3/inbound/events","Unauthorized","401","79","50","Response time is less than 1000ms, Content-Type is application/json","Response body has events array",,"3","2","1","0"
"1","Sendinblue","Fetch all events history for one particular received email.","GET","https://api.sendinblue.com/v3/inbound/events/","Unauthorized","401","77","50","Response Content-Type is JSON, Response body is not empty, Received email event records are valid objects, Received email event contains date or timestamp, Response time is less than 3000ms",,,"5","5","0","0"
"1","Sendinblue","Retrieve inbound attachment with download token.","GET","https://api.sendinblue.com/v3/inbound/attachments/8","Unauthorized","401","89","50",,,,"0","0","0","0"
"1","Sendinblue","Send SMS message to a mobile number","POST","https://api.sendinblue.com/v3/transactionalSMS/sms","Unauthorized","401","78","50","Response Content-Type is JSON, Response body is not empty, Message ID is not empty, Response body is a valid object",,,"4","4","0","0"
"1","Sendinblue","Get your SMS activity aggregated over a period of time","GET","https://api.sendinblue.com/v3/transactionalSMS/statistics/aggregatedReport","Unauthorized","401","78","50","Response Content-Type is JSON, SMS statistics values are numeric, Response time is less than 3000ms",,,"3","3","0","0"
"1","Sendinblue","Get your SMS activity aggregated per day","GET","https://api.sendinblue.com/v3/transactionalSMS/statistics/reports","Unauthorized","401","78","50","Response Content-Type is JSON, Daily SMS statistic records are valid objects, Daily SMS statistics contain a date, Daily SMS statistic values are numeric, Response time is less than 3000ms",,,"5","5","0","0"
"1","Sendinblue","Get all your SMS activity (unaggregated events)","GET","https://api.sendinblue.com/v3/transactionalSMS/statistics/events?limit=50&startDate=veniam elit in&endDate=veniam elit in&offset=0&days=13396752&phoneNumber=veniam elit in&event=bounces&tags=veniam elit in&sort=desc","Unauthorized","401","78","50","Response Content-Type is JSON, Response body is not empty, Response contains error details","Status code is 400",,"4","3","1","0"
"1","Sendinblue","Get all webhooks","GET","https://api.sendinblue.com/v3/webhooks?type=transactional&sort=desc","Unauthorized","401","77","50",,,,"0","0","0","0"
"1","Sendinblue","Create a webhook","POST","https://api.sendinblue.com/v3/webhooks","Unauthorized","401","83","72",,,,"0","0","0","0"
"1","Sendinblue","Get a webhook details","GET","https://api.sendinblue.com/v3/webhooks/13396752","Unauthorized","401","85","50",,,,"0","0","0","0"
"1","Sendinblue","Update a webhook","PUT","https://api.sendinblue.com/v3/webhooks/13396752","Unauthorized","401","83","50",,,,"0","0","0","0"
"1","Sendinblue","Delete a webhook","DELETE","https://api.sendinblue.com/v3/webhooks/13396752","Unauthorized","401","81","50",,,,"0","0","0","0"
"1","Sendinblue","Add Email and/or SMS credits to a specific child account","POST","https://api.sendinblue.com/v3/reseller/children/veniam elit in/credits/add","Unauthorized","401","82","50",,,,"0","0","0","0"
"1","Sendinblue","Remove Email and/or SMS credits from a specific child account","POST","https://api.sendinblue.com/v3/reseller/children/veniam elit in/credits/remove","Unauthorized","401","80","50",,,,"0","0","0","0"
"1","Sendinblue","Associate a dedicated IP to the child","POST","https://api.sendinblue.com/v3/reseller/children/veniam elit in/ips/associate","Unauthorized","401","84","50",,,,"0","0","0","0"
"1","Sendinblue","Dissociate a dedicated IP to the child","POST","https://api.sendinblue.com/v3/reseller/children/veniam elit in/ips/dissociate","Unauthorized","401","82","50",,,,"0","0","0","0"
"1","Sendinblue","Get all sender domains for a specific child account","GET","https://api.sendinblue.com/v3/reseller/children/veniam elit in/domains","Unauthorized","401","79","50",,,,"0","0","0","0"
"1","Sendinblue","Create a domain for a child account","POST","https://api.sendinblue.com/v3/reseller/children/veniam elit in/domains","Unauthorized","401","79","50",,,,"0","0","0","0"
"1","Sendinblue","Update the sender domain of reseller's child based on the childIdentifier and domainName passed","PUT","https://api.sendinblue.com/v3/reseller/children/veniam elit in/domains/veniam elit in","Unauthorized","401","76","50",,,,"0","0","0","0"
"1","Sendinblue","Delete the sender domain of the reseller child based on the childIdentifier and domainName passed","DELETE","https://api.sendinblue.com/v3/reseller/children/veniam elit in/domains/veniam elit in","Unauthorized","401","79","50",,,,"0","0","0","0"
"1","Sendinblue","Get a child account's details","GET","https://api.sendinblue.com/v3/reseller/children/veniam elit in","Unauthorized","401","85","50",,,,"0","0","0","0"
"1","Sendinblue","Update info of reseller's child based on the child identifier supplied","PUT","https://api.sendinblue.com/v3/reseller/children/veniam elit in","Unauthorized","401","82","50",,,,"0","0","0","0"
"1","Sendinblue","Delete a single reseller child based on the child identifier supplied","DELETE","https://api.sendinblue.com/v3/reseller/children/veniam elit in","Unauthorized","401","78","50",,,,"0","0","0","0"
"1","Sendinblue","Update info of reseller's child account status based on the identifier supplied","PUT","https://api.sendinblue.com/v3/reseller/children/veniam elit in/accountStatus","Unauthorized","401","80","50",,,,"0","0","0","0"
"1","Sendinblue","Get the status of a reseller's child account creation, whether it is successfully created (exists) or not based on the childIdentifier supplied","GET","https://api.sendinblue.com/v3/reseller/children/veniam elit in/accountCreationStatus","Unauthorized","401","77","50",,,,"0","0","0","0"
"1","Sendinblue","Get session token to access Sendinblue (SSO)","GET","https://api.sendinblue.com/v3/reseller/children/veniam elit in/auth","Unauthorized","401","77","50",,,,"0","0","0","0"
"1","Sendinblue","Get the list of all children accounts","GET","https://api.sendinblue.com/v3/reseller/children?limit=10&offset=0","Unauthorized","401","76","50",,,,"0","0","0","0"
"1","Sendinblue","Creates a reseller child","POST","https://api.sendinblue.com/v3/reseller/children","Unauthorized","401","83","50",,,,"0","0","0","0"
"1","Sendinblue","Return all the processes for your account","GET","https://api.sendinblue.com/v3/processes?limit=10&offset=0&sort=desc","Unauthorized","401","77","50",,,,"0","0","0","0"
"1","Sendinblue","Return the informations for a process","GET","https://api.sendinblue.com/v3/processes/13396752","Unauthorized","401","80","50",,,,"0","0","0","0"
"1","Sendinblue","Get the details of requested master account","GET","https://api.sendinblue.com/v3/corporate/masterAccount","Unauthorized","401","80","50",,,,"0","0","0","0"
"1","Sendinblue","Get the list of all the sub-accounts of the master account.","GET","https://api.sendinblue.com/v3/corporate/subAccount?offset=-41398727&limit=-41398727","Unauthorized","401","81","50",,,,"0","0","0","0"
"1","Sendinblue","Create a new sub-account under a master account.","POST","https://api.sendinblue.com/v3/corporate/subAccount","Unauthorized","401","79","50",,,,"0","0","0","0"
"1","Sendinblue","Generate SSO token to access Sendinblue","POST","https://api.sendinblue.com/v3/corporate/subAccount/ssoToken","Unauthorized","401","83","50",,,,"0","0","0","0"
"1","Sendinblue","Get sub-account details","GET","https://api.sendinblue.com/v3/corporate/subAccount/13396752","Unauthorized","401","85","50",,,,"0","0","0","0"
"1","Sendinblue","Delete a sub-account","DELETE","https://api.sendinblue.com/v3/corporate/subAccount/13396752","Unauthorized","401","80","50",,,,"0","0","0","0"
"1","Sendinblue","Update sub-account plan","PUT","https://api.sendinblue.com/v3/corporate/subAccount/13396752/plan","Unauthorized","401","78","50",,,,"0","0","0","0"
"1","Sendinblue","Get your account information, plan and credits details","GET","https://api.sendinblue.com/v3/account","Unauthorized","401","76","50",,,,"0","0","0","0"
"1","Sendinblue","Get the list of all your senders","GET","https://api.sendinblue.com/v3/senders?ip=veniam elit in&domain=veniam elit in","Unauthorized","401","79","50",,,,"0","0","0","0"
"1","Sendinblue","Create a new sender","POST","https://api.sendinblue.com/v3/senders","Unauthorized","401","76","50",,,,"0","0","0","0"
"1","Sendinblue","Get all the dedicated IPs for your account","GET","https://api.sendinblue.com/v3/senders/ips","Unauthorized","401","78","50",,,,"0","0","0","0"
"1","Sendinblue","Update a sender","PUT","https://api.sendinblue.com/v3/senders/13396752","Unauthorized","401","90","50",,,,"0","0","0","0"
"1","Sendinblue","Delete a sender","DELETE","https://api.sendinblue.com/v3/senders/13396752","Unauthorized","401","79","50",,,,"0","0","0","0"
"1","Sendinblue","Get all the dedicated IPs for a sender","GET","https://api.sendinblue.com/v3/senders/13396752/ips","Unauthorized","401","81","50",,,,"0","0","0","0"